{
  "delta_random_to_holdout": {
    "FC": 0.17615893935518606,
    "LSTM": 0.1550891761473575,
    "RNN": 0.1348772678053477
  },
  "epochs": 3,
  "holdout_split": {
    "FC": 0.5773563196493702,
    "LSTM": 0.5549653256619043,
    "RNN": 0.546328907597114
  },
  "random_split": {
    "FC": 0.4011973802941841,
    "LSTM": 0.39987614951454675,
    "RNN": 0.41145163979176635
  },
  "signal_set_count": 5,
  "test_set_count": 1,
  "train_set_count": 4
}