{
  "overall_mse": {
    "FC": 0.4011973802941841,
    "LSTM": 0.39987614951454675,
    "RNN": 0.41145163979176635
  },
  "per_frequency_mse": {
    "FC": {
      "1": 0.23919717062123214,
      "3": 0.29327009045160735,
      "5": 0.43892287430555926,
      "7": 0.6321154618531131
    },
    "LSTM": {
      "1": 0.24688660211955446,
      "3": 0.3006560974396192,
      "5": 0.39931920300359314,
      "7": 0.652194112874149
    },
    "RNN": {
      "1": 0.26521290744407267,
      "3": 0.3116209495526094,
      "5": 0.42073735465174134,
      "7": 0.6483164248841532
    }
  },
  "settings": {
    "additive_noise_std": 0.02,
    "amplitude_noise_std": 0.1,
    "batch_size": 32,
    "epochs": 3,
    "hidden_size": 32,
    "learning_rate": 0.001,
    "num_layers": 1,
    "phase_noise_std": 0.1,
    "seed": 42,
    "signal_set_count": 5,
    "split": "random",
    "train_ratio": 0.8,
    "window_size": 10
  },
  "test_losses": {
    "FC": [
      0.44756582150092494,
      0.4232564404770568,
      0.4011973766507683
    ],
    "LSTM": [
      0.4457116002564902,
      0.41031074654925,
      0.3998761479998683
    ],
    "RNN": [
      0.42274702283052296,
      0.4100510365032888,
      0.41145163021244846
    ]
  },
  "train_losses": {
    "FC": [
      0.4223164228292612,
      0.3843588943664844,
      0.36483931967190336
    ],
    "LSTM": [
      0.4462526384945754,
      0.3783651020500686,
      0.36239524071033186
    ],
    "RNN": [
      0.3830836493890364,
      0.36991678915181003,
      0.368421481860863
    ]
  }
}