{
  "overall_mse": {
    "FC": 0.5372318143713964,
    "LSTM": 0.492805591184799,
    "RNN": 0.3405781809801925
  },
  "per_frequency_mse": {
    "FC": {
      "1": 0.06133599206805229,
      "3": 0.6411298513412476,
      "5": 0.47510841488838196,
      "7": 0.9011593461036682
    },
    "LSTM": {
      "1": 0.03304962068796158,
      "3": 0.3990972638130188,
      "5": 0.31339216232299805,
      "7": 1.19021737575531
    },
    "RNN": {
      "1": 0.10919417440891266,
      "3": 0.10123283416032791,
      "5": 0.2841072380542755,
      "7": 0.8819600343704224
    }
  },
  "settings": {
    "batch_size": 32,
    "epochs": 5,
    "hidden_size": 32,
    "learning_rate": 0.001,
    "seed": 42,
    "signal_set_count": 1,
    "window_size": 10
  },
  "test_losses": {
    "FC": [
      0.6715611676647238,
      0.632022988306333,
      0.6017484150520743,
      0.5724690776981719,
      0.5372317947753488
    ],
    "LSTM": [
      0.7240826103785266,
      0.6765676148950237,
      0.6269759756245025,
      0.5653112040807123,
      0.49280555852471963
    ],
    "RNN": [
      0.5451514745411807,
      0.46129400313717045,
      0.3855956580540905,
      0.3444737140854744,
      0.3405781859812671
    ]
  },
  "train_losses": {
    "FC": [
      0.63859774832873,
      0.6027471800030711,
      0.5748031498333023,
      0.5488040391931829,
      0.5192183367779984
    ],
    "LSTM": [
      0.6583448310488278,
      0.6194586589791623,
      0.5839643777440914,
      0.5468595360767391,
      0.4934846984152122
    ],
    "RNN": [
      0.5339157341681805,
      0.46583132968120966,
      0.4035990619167839,
      0.3442688334438809,
      0.32572777850931045
    ]
  }
}