{
  "overall_mse": {
    "FC": 0.590263253205443,
    "LSTM": 0.6306059152296145,
    "RNN": 0.3641474019378832
  },
  "per_frequency_mse": {
    "FC": {
      "1": 0.06467832624912262,
      "3": 0.7250949740409851,
      "5": 0.5227766036987305,
      "7": 0.9676328301429749
    },
    "LSTM": {
      "1": 0.025290733203291893,
      "3": 0.8446403741836548,
      "5": 0.3192227780818939,
      "7": 1.2303401231765747
    },
    "RNN": {
      "1": 0.09837333858013153,
      "3": 0.10118070989847183,
      "5": 0.3295799195766449,
      "7": 0.9417529702186584
    }
  },
  "settings": {
    "additive_noise_std": 0.005,
    "amplitude_noise_std": 0.02,
    "batch_size": 32,
    "epochs": 3,
    "hidden_size": 32,
    "learning_rate": 0.001,
    "num_layers": 1,
    "phase_noise_std": 0.02,
    "seed": 42,
    "signal_set_count": 1,
    "train_ratio": 0.8,
    "window_size": 10
  },
  "test_losses": {
    "FC": [
      0.6644824808591032,
      0.6210337762963282,
      0.5902632899480323
    ],
    "LSTM": [
      0.7275167115747112,
      0.681821251568729,
      0.6306059287018972
    ],
    "RNN": [
      0.5261068311456132,
      0.4422607278987153,
      0.3641473859140318
    ]
  },
  "train_losses": {
    "FC": [
      0.6383033319027563,
      0.5975448033449167,
      0.567239062738992
    ],
    "LSTM": [
      0.6599657126923197,
      0.6214018195765125,
      0.5890383103868806
    ],
    "RNN": [
      0.5222779153958219,
      0.4497421235358183,
      0.379554228069856
    ]
  }
}